<?xml version="1.0" encoding="UTF-8"?>
<project-private xmlns="http://www.netbeans.org/ns/project-private/1">
    <editor-bookmarks xmlns="http://www.netbeans.org/ns/editor-bookmarks/2" lastBookmarkId="0"/>
    <open-files xmlns="http://www.netbeans.org/ns/projectui-open-files/2">
        <group>
            <file>file:/home/rahul/NetBeansProjects/Inventory/src/superpos/brand.java</file>
            <file>file:/home/rahul/NetBeansProjects/Inventory/src/superpos/product.java</file>
            <file>file:/home/rahul/NetBeansProjects/Inventory/src/superpos/print.java</file>
            <file>file:/home/rahul/NetBeansProjects/Inventory/src/superpos/pos.java</file>
        </group>
    </open-files>
</project-private>
